Washington,532
Beijing,309
Tianjin,285
Istanbul,253
Torino,217
,212
Bangkok,200
Berlin,194
Chengdu,191
Manchester,175
Xi'an,167
Vancouver,160
Melbourne,154
Montevideo,144
Shanghai,138
Kuala Lumpur,137
San Diego,129
Ljubljana,112
Venice,107
Sydney,106
Tehran,105
Vienna,103
Changsha,103
Denver,102
Sao Paulo,95
Taipei,94
Florence,94
London,94
Singapore,93
Tainan,89
Miami,82
Lyngby,79
Gothenberg,78
Nanjing,77
Orlando,76
Quito,76
Boston,75
Providence,73
Chicago,71
Brussels,71
Perth,69
Bangalore,69
Hangzhou,68
National Harbor,67
Shenzhen,66
Montreal,65
Minneapolis,64
Eindhoven,59
Hong Kong,57
Ottawa,51
Helsinki,49
Jeddah,46
Atlanta,45
Prague,45
Zhangjiajie,44
Grenoble,42
Rome,40
Paris,39
Toronto,39
Harbin,39
San Francisco,39
Las Vegas,37
Wuhan,37
Nuremberg,37
Leuven,36
Bucharest,36
Austin,35
Aachen,35
Anaheim,34
Cavtat,33
Kowloon,33
Chennai,33
Lisbon,32
Weihai,32
Yokohama,32
Milwaukee,30
Cluj-Napoca,30
Belo Horizonte,29
Turin,28
Santa Margherita Ligure,28
Medellin,28
Seoul,28
Pittsburgh,28
Warsaw,27
Oshawa,27
New Orleans,27
Genoa,27
Dallas,26
Jeju,26
Milan,26
Budapest,25
Birmingham,25
Offenburg,24
Jinan,24
Portland,24
Marrakech,23
Wroclaw,23
Chongqing,23
Kaohsiung,23
Cleveland,22
Clemson,22
Belgrade,22
Kitakyushu,21
Islamabad,21
Ischia,20
Hefei,20
Guangzhou,20
Houston,20
Kota Kinabalu,19
Edinburgh,19
Dublin,19
Cardiff,18
Doha,18
Kyoto,18
Cagliari,18
Tokyo,18
Dalian,17
Kollam,17
Osaka,17
Valencia,17
Kathmandu,17
Coimbatore,16
Pisa,16
Stoke on Trent,16
Dhaka,16
PyeongChang,16
Pune,16
Shenyang,16
Cochin,16
Nagoya,16
Wollongong,15
Trondheim,15
Hamburg,15
Blumenau,15
Seattle,15
Sousse,15
Athens,15
Cambridge,15
Krakow,14
Halifax,14
Santa Clara,14
Fortaleza,14
Toulouse,14
Bhubaneswar,14
Fort Worth,14
Morgantown,14
Cancun,13
Nagercoil,13
Heraklion,13
Greenville,13
College Station,13
Xiamen,13
Bonn,13
Maui,13
St. Petersburg,12
Udine,12
Phuket,12
San Antonio,12
Glasgow,12
Liverpool,12
Trivandrum,12
Cincinnati,12
New Delhi,12
Reston,12
Phoenix,11
Berkeley,11
Gijon,11
Soest,11
Hersonissos,11
Bali,11
Iasi,11
Nagasaki,11
Pacific Grove,11
Montpellier,11
Buzios,11
Bhopal,11
Yinchuan,11
Capetown,11
Xian,11
Langkawi,10
Limassol,10
Vellore,10
Shiraz,10
Compiegne,10
Johannesburg,10
Zurich,10
Hiroshima,10
Bandung,10
Piscataway,10
Palermo,10
Busan,10
Crans-Montana,10
Sapporo,10
Mashhad,10
Chelyabinsk,10
Riga,10
Auckland,10
Copenhagen,9
Mumbai,9
Trento,9
Calgary,9
Macao,9
Bologna,9
Osijek,9
Guadalajara,9
Kolkata,9
Charlotte,8
Abu Dhabi,8
Long Beach,8
Mysore,8
Colombo,8
Delhi,8
Livingstone,8
Kansas City,8
Dubrovnik,8
Chonburi,8
Galway,8
Kochi,8
Christchurch,8
Kumaracoil,8
Hubei,8
Fukuoka,8
Porto,8
Ohrid,8
San Jose,7
Emden,7
Tallinn,7
Scottsdale,7
Ho Chi Minh City,7
Yantai,7
Brugge,7
Dresden,7
Japan,7
Cairo,7
Pullman,7
Gwangiu,7
Philadelphia,7
Guildford,7
Ixtapa,7
Hammamet,7
Killarney,6
Waikoloa,6
Yilan,6
Targoviste,6
Ghaziabad,6
Ouarzazate,6
Tampa,6
Kauai,6
Exeter,6
Delft,6
St. Martin,6
Langkawai Island,6
Coimbra,6
Changchun,6
Vilanova i la Geltru,6
San Juan,6
Amman,6
Honolulu,6
Zagreb,6
Monte Carlo,6
Evry,6
Navi Mumbai,6
Yogyakarta,6
Kingston,6
Manhattan,6
Qingdao,6
Cape Town,6
Niagara Falls,6
Opatija,6
Fez,6
Victoria,6
Graz,6
Ostrava,6
Hobart,6
Trieste,6
DaNang,6
Portsmouth,6
Pattaya,6
Durham,6
Verona,6
Arlington,6
Detroit,6
Kiev,6
Madrid,5
Taormina,5
Irvine,5
Rakvere,5
Batumi,5
Naples,5
Salerno,5
Awaji,5
Chiba,5
Waltham,5
Bikaner,5
Alghero,5
Vicenza,5
Kerman,5
Cottbus,5
Owerri,5
Munich,5
Agadir,5
Concord,5
Jeju Island,5
Yangzhou,5
Baltimore,5
Sanur,5
Hanoi,5
Hebei,5
Caparica,5
Yichang,5
Bottrop,5
Farmingdale,5
Ann Arbor,5
Raleigh,5
Gwalior,5
Noida,5
Brisbane,5
Khulna,5
Costa da Caparica,5
Gatlinburg,5
Manama,5
Campione d'Italia,4
Shengyang,4
Shiyang,4
Lagos,4
Wrexham,4
Guiyang,4
Takamatsu,4
Maoming,4
Geneva,4
Galle,4
Anchorage,4
Sharjah,4
Jacksonville,4
Ningbo,4
Hollywood,4
Lagow,4
Jaipur,4
Putrajaya,4
Carrara,4
Sultanpur,4
Besancon,4
Cologne,4
Sanya,4
Bursa,4
Huangshan,4
Malaga,4
Aalborg,4
Brno,4
Tuban,4
Yasmine Hammamet,4
Novosibirsk,4
Dearborn,4
Sofia,4
Chandigarh,4
Incheon,4
Los Angeles,4
Fort Lauderdale,4
Redwood City,4
Newark,4
Addison,4
Tehri,4
Constanta,4
Seville,4
Messina,4
Cuenca,4
Fargo,4
Cairns,4
Tucson,4
Matsue,3
Wuxi,3
Dekalb,3
Murthal,3
Lemesos,3
Olten,3
Luxembourg,3
Lappeenranta,3
Tiruchirappalli,3
Dubai,3
Manizales,3
Allahabad,3
Colmar,3
Tulsa,3
Side,3
Bristol,3
Sinaia,3
Henan,3
Salt Lake City,3
Villeneuve d'Ascq,3
Rennes,3
Hsinchu,3
Erlangen/Nuremberg,3
Madison,3
Sarajevo,3
Bam,3
Valletta,3
Mexico City,3
Leiria,3
Saskatoon,3
Guwahati,3
Lyon,3
Dongguan,3
Dengleng,3
Mauna Lani,3
Split,3
Palladam,3
Kermanshah,3
Sorrento,3
Juiz de Fora,3
Taiyuan,3
Pucon,3
Tangiers,3
Bochum,3
Al-Ain,3
Gdansk,3
Patiala,3
Stockholm,3
Chania,3
Princeton,3
Thessaloniki,3
Ancona,3
Suceava,3
Hohhot,3
Monastir,3
Genova,3
Loutraki,3
Santiago,3
Hoboken,3
Belfast,3
Brest,3
Angers,2
Shah Alam,2
Sendai,2
Fort Collins,2
Khon Kaen,2
Glendale,2
SioÂ¿fok,2
Karlskrona,2
Accra,2
Monte-Carlo,2
Enathi,2
Namakkal,2
Sozopol,2
Solan,2
Mohammedia,2
Beidaihe,2
Lexington,2
Antalya,2
Banff,2
Lincoln,2
Champaign,2
Tiruchengode,2
Ploiesti,2
Tegucigalpa,2
Kongsberg,2
Shillong,2
Malatya,2
Melmaruvathur,2
Panama City,2
Nicosia,2
Cappadocia,2
Balaclava,2
Pointe-Aux-Piments,2
Nanchang,2
Windsor,2
Menlo Park,2
Monticello,2
Silicon Valley,2
Riyadh,2
Varna,2
Eilat,2
Kuala Lumpeu,2
A Coruna,2
New York,2
Lahore,2
Ankara,2
Shahrekord,2
Canberra,2
Larnaca,2
Aveiro,2
Zonguldak,2
Manila,2
Nantou,1
Gothenburg,1
Wisla,1
Knoxville,1
Kerkyra,1
Chattanooga,1
Basrah,1
Chiang Mai,1
Abha,1
Southbank,1
Timisoara,1
Xianning,1
Kanazawa,1
Amsterdam,1
Bogota,1
Vasteras,1
Edmonton,1
Kouty nad Desnou,1
Barcelona,1
Nice,1
Urbana,1
